epoch_time,#SampleID,BarcodeSequence,LinkerPrimerSequence,SAMP_COLLECT_DEVICE,ASSIGNED_FROM_GEO,EXPERIMENT_CENTER,TITLE,BIOLOGIC_SPECIMEN,AGE,TARGET_SUBFRAGMENT,TOT_MASS,COMMON_NAME,DEPTH,BODY_SITE,ANONYMIZED_NAME,SAMPLE_CENTER,HOST_TAXID,TAXON_ID,BODY_SITE.1,ELEVATION,RUN_DATE,COLLECTION_DATE,ALTITUDE,RUN_PREFIX,ENV_BIOME,SEX,PLATFORM,LOCATION,COUNTRY,HEIGHT_OR_LENGTH,EXPERIMENT_TITLE,ANONYMIZED_NAME.1,STOOL_NUMBER,SAMP_SIZE,AGE_UNIT,BODY_HABITAT,STUDY_ID,LIBRARY_CONSTRUCTION_PROTOCOL,EXPERIMENT_DESIGN_DESCRIPTION,LONGITUDE,HOST_COMMON_NAME,DOMINANT_HAND,HOST_NATION,ENV_MATTER,TARGET_GENE,ENV_FEATURE,KEY_SEQ,BODY_PRODUCT,REGION,RUN_CENTER,SMOKER,PCR_PRIMERS,SEQUENCING_METH,HOST_SUBJECT_ID,LATITUDE,PUBLIC,STUDY_CENTER,Description,ill_epoch,Time,unifrac_1st_diff
1200528000,1015_1_18_F01_S,GGAACGACGTGA,GTGTGCCAGCMGCCGCGGTAA,swab,n,CCME,Knight_Bangladesh_travel_series,stool,36.0,V4,,human gut metagenome,0,UBERON:feces,F01,CCME,9606,408170,UBERON:feces,1624.1,2/25/13,1/18/12,0.0,Bangladesh_FO_16s_NoIndex_sequences,ENVO:human-associated habitat,female,illumina,"Boulder, CO",GAZ:United States of America,167.6,Knight_Bangladesh_travel_series,F01,1.0,".1,g",years,UBERON:feces,1015,Illumina HiSeq V4,time series for 4 travellers who went to Bangladesh on the same trip,-105.27,human,right,USA,ENVO:feces,16S rRNA,ENVO:human-associated habitat,,UBERON:feces,,CCME,n,FWD:GTGCCAGCMGCCGCGGTAA; REV:GGACTACHVGGGTWTCTAAT,Sequencing by synthesis,1015:F01,40.01,n,CCME,F01 stool,1202688000,-25.0,0.0712082515949
1200700800,1015_1_20_F01_S,GTGAGGGCAAGT,GTGTGCCAGCMGCCGCGGTAA,swab,n,CCME,Knight_Bangladesh_travel_series,stool,36.0,V4,,human gut metagenome,0,UBERON:feces,F01,CCME,9606,408170,UBERON:feces,1624.1,2/25/13,1/20/12,0.0,Bangladesh_FO_16s_NoIndex_sequences,ENVO:human-associated habitat,female,illumina,"Boulder, CO",GAZ:United States of America,167.6,Knight_Bangladesh_travel_series,F01,1.0,".1,g",years,UBERON:feces,1015,Illumina HiSeq V4,time series for 4 travellers who went to Bangladesh on the same trip,-105.27,human,right,USA,ENVO:feces,16S rRNA,ENVO:human-associated habitat,,UBERON:feces,,CCME,n,FWD:GTGCCAGCMGCCGCGGTAA; REV:GGACTACHVGGGTWTCTAAT,Sequencing by synthesis,1015:F01,40.01,n,CCME,F01 stool,1202688000,-23.0,0.116389194343
1200787200,1015_1_21_F01_S,CGTATAAATGCG,GTGTGCCAGCMGCCGCGGTAA,swab,n,CCME,Knight_Bangladesh_travel_series,stool,36.0,V4,,human gut metagenome,0,UBERON:feces,F01,CCME,9606,408170,UBERON:feces,1624.1,2/25/13,1/21/12,0.0,Bangladesh_FO_16s_NoIndex_sequences,ENVO:human-associated habitat,female,illumina,"Boulder, CO",GAZ:United States of America,167.6,Knight_Bangladesh_travel_series,F01,1.0,".1,g",years,UBERON:feces,1015,Illumina HiSeq V4,time series for 4 travellers who went to Bangladesh on the same trip,-105.27,human,right,USA,ENVO:feces,16S rRNA,ENVO:human-associated habitat,,UBERON:feces,,CCME,n,FWD:GTGCCAGCMGCCGCGGTAA; REV:GGACTACHVGGGTWTCTAAT,Sequencing by synthesis,1015:F01,40.01,n,CCME,F01 stool,1202688000,-22.0,0.298081058917
1200873600,1015_1_22_F01_S_b,GAGATACAGTTC,GTGTGCCAGCMGCCGCGGTAA,swab,n,CCME,Knight_Bangladesh_travel_series,stool,36.0,V4,,human gut metagenome,0,UBERON:feces,F01,CCME,9606,408170,UBERON:feces,1624.1,2/25/13,1/22/12,0.0,Bangladesh_FO_16s_NoIndex_sequences,ENVO:human-associated habitat,female,illumina,"Boulder, CO",GAZ:United States of America,167.6,Knight_Bangladesh_travel_series,F01,1.0,".1,g",years,UBERON:feces,1015,Illumina HiSeq V4,time series for 4 travellers who went to Bangladesh on the same trip,-105.27,human,right,USA,ENVO:feces,16S rRNA,ENVO:human-associated habitat,,UBERON:feces,,CCME,n,FWD:GTGCCAGCMGCCGCGGTAA; REV:GGACTACHVGGGTWTCTAAT,Sequencing by synthesis,1015:F01,40.01,n,CCME,F01 stool,1202688000,-21.0,0.0505106715531
1200960000,1015_1_23_F01_S,GCGCCGAATCTT,GTGTGCCAGCMGCCGCGGTAA,swab,n,CCME,Knight_Bangladesh_travel_series,stool,36.0,V4,,human gut metagenome,0,UBERON:feces,F01,CCME,9606,408170,UBERON:feces,1624.1,2/25/13,1/23/12,0.0,Bangladesh_FO_16s_NoIndex_sequences,ENVO:human-associated habitat,female,illumina,"Boulder, CO",GAZ:United States of America,167.6,Knight_Bangladesh_travel_series,F01,1.0,".1,g",years,UBERON:feces,1015,Illumina HiSeq V4,time series for 4 travellers who went to Bangladesh on the same trip,-105.27,human,right,USA,ENVO:feces,16S rRNA,ENVO:human-associated habitat,,UBERON:feces,,CCME,n,FWD:GTGCCAGCMGCCGCGGTAA; REV:GGACTACHVGGGTWTCTAAT,Sequencing by synthesis,1015:F01,40.01,n,CCME,F01 stool,1202688000,-20.0,0.0621925366005
1201046400,1015_1_24_F01_S,GCCTCGTACTGA,GTGTGCCAGCMGCCGCGGTAA,swab,n,CCME,Knight_Bangladesh_travel_series,stool,36.0,V4,,human gut metagenome,0,UBERON:feces,F01,CCME,9606,408170,UBERON:feces,1624.1,2/25/13,1/24/12,0.0,Bangladesh_FO_16s_NoIndex_sequences,ENVO:human-associated habitat,female,illumina,"Boulder, CO",GAZ:United States of America,167.6,Knight_Bangladesh_travel_series,F01,1.0,".1,g",years,UBERON:feces,1015,Illumina HiSeq V4,time series for 4 travellers who went to Bangladesh on the same trip,-105.27,human,right,USA,ENVO:feces,16S rRNA,ENVO:human-associated habitat,,UBERON:feces,,CCME,n,FWD:GTGCCAGCMGCCGCGGTAA; REV:GGACTACHVGGGTWTCTAAT,Sequencing by synthesis,1015:F01,40.01,n,CCME,F01 stool,1202688000,-19.0,0.0522166608431
1201132800,1015_1_25_F01_S1015A,TGTCAGCTGTCG,GTGTGCCAGCMGCCGCGGTAA,swab,n,CCME,Knight_Bangladesh_travel_series,stool,36.0,V4,,human gut metagenome,0,UBERON:feces,F01,CCME,9606,408170,UBERON:feces,1624.1,2/25/13,1/25/12,0.0,Bangladesh_FO_16s_NoIndex_sequences,ENVO:human-associated habitat,female,illumina,"Boulder, CO",GAZ:United States of America,167.6,Knight_Bangladesh_travel_series,F01,1.0,".1,g",years,UBERON:feces,1015,Illumina HiSeq V4,time series for 4 travellers who went to Bangladesh on the same trip,-105.27,human,right,USA,ENVO:feces,16S rRNA,ENVO:human-associated habitat,,UBERON:feces,,CCME,n,FWD:GTGCCAGCMGCCGCGGTAA; REV:GGACTACHVGGGTWTCTAAT,Sequencing by synthesis,1015:F01,40.01,n,CCME,F01 stool,1202688000,-18.0,0.273347198575
1201305600,1015_1_27_F01_S,CGTACCAGATCC,GTGTGCCAGCMGCCGCGGTAA,swab,n,CCME,Knight_Bangladesh_travel_series,stool,36.0,V4,,human gut metagenome,0,UBERON:feces,F01,CCME,9606,408170,UBERON:feces,1624.1,2/25/13,1/27/12,0.0,Bangladesh_FO_16s_NoIndex_sequences,ENVO:human-associated habitat,female,illumina,"Boulder, CO",GAZ:United States of America,167.6,Knight_Bangladesh_travel_series,F01,1.0,".1,g",years,UBERON:feces,1015,Illumina HiSeq V4,time series for 4 travellers who went to Bangladesh on the same trip,-105.27,human,right,USA,ENVO:feces,16S rRNA,ENVO:human-associated habitat,,UBERON:feces,,CCME,n,FWD:GTGCCAGCMGCCGCGGTAA; REV:GGACTACHVGGGTWTCTAAT,Sequencing by synthesis,1015:F01,40.01,n,CCME,F01 stool,1202688000,-16.0,0.236632783471
1201478400,1015_1_29_F01_S,TTAAGCGCCTGA,GTGTGCCAGCMGCCGCGGTAA,swab,n,CCME,Knight_Bangladesh_travel_series,stool,36.0,V4,,human gut metagenome,0,UBERON:feces,F01,CCME,9606,408170,UBERON:feces,1624.1,2/25/13,1/29/12,0.0,Bangladesh_FO_16s_NoIndex_sequences,ENVO:human-associated habitat,female,illumina,"Boulder, CO",GAZ:United States of America,167.6,Knight_Bangladesh_travel_series,F01,1.0,".1,g",years,UBERON:feces,1015,Illumina HiSeq V4,time series for 4 travellers who went to Bangladesh on the same trip,-105.27,human,right,USA,ENVO:feces,16S rRNA,ENVO:human-associated habitat,,UBERON:feces,,CCME,n,FWD:GTGCCAGCMGCCGCGGTAA; REV:GGACTACHVGGGTWTCTAAT,Sequencing by synthesis,1015:F01,40.01,n,CCME,F01 stool,1202688000,-14.0,0.0560525670191
1201564800,1015_1_30_F01_S,GTTATGACGGAT,GTGTGCCAGCMGCCGCGGTAA,swab,n,CCME,Knight_Bangladesh_travel_series,stool,36.0,V4,,human gut metagenome,0,UBERON:feces,F01,CCME,9606,408170,UBERON:feces,1624.1,2/25/13,1/30/12,0.0,Bangladesh_FO_16s_NoIndex_sequences,ENVO:human-associated habitat,female,illumina,"Boulder, CO",GAZ:United States of America,167.6,Knight_Bangladesh_travel_series,F01,1.0,".1,g",years,UBERON:feces,1015,Illumina HiSeq V4,time series for 4 travellers who went to Bangladesh on the same trip,-105.27,human,right,USA,ENVO:feces,16S rRNA,ENVO:human-associated habitat,,UBERON:feces,,CCME,n,FWD:GTGCCAGCMGCCGCGGTAA; REV:GGACTACHVGGGTWTCTAAT,Sequencing by synthesis,1015:F01,40.01,n,CCME,F01 stool,1202688000,-13.0,0.0720743217061
1201651200,1015_1_31_F01_S745A,CCAATGATAAGC,GTGTGCCAGCMGCCGCGGTAA,swab,n,CCME,Knight_Bangladesh_travel_series,stool,36.0,V4,,human gut metagenome,0,UBERON:feces,F01,CCME,9606,408170,UBERON:feces,1624.1,2/25/13,1/31/12,0.0,Bangladesh_FO_16s_NoIndex_sequences,ENVO:human-associated habitat,female,illumina,"Boulder, CO",GAZ:United States of America,167.6,Knight_Bangladesh_travel_series,F01,1.0,".1,g",years,UBERON:feces,1015,Illumina HiSeq V4,time series for 4 travellers who went to Bangladesh on the same trip,-105.27,human,right,USA,ENVO:feces,16S rRNA,ENVO:human-associated habitat,,UBERON:feces,,CCME,n,FWD:GTGCCAGCMGCCGCGGTAA; REV:GGACTACHVGGGTWTCTAAT,Sequencing by synthesis,1015:F01,40.01,n,CCME,F01 stool,1202688000,-12.0,0.128215225166
1201737600,1015_2_01_F01_S2145,CTCTCATATGCT,GTGTGCCAGCMGCCGCGGTAA,swab,n,CCME,Knight_Bangladesh_travel_series,stool,36.0,V4,,human gut metagenome,0,UBERON:feces,F01,CCME,9606,408170,UBERON:feces,1624.1,2/25/13,2/1/12,0.0,Bangladesh_FO_16s_NoIndex_sequences,ENVO:human-associated habitat,female,illumina,"Boulder, CO",GAZ:United States of America,167.6,Knight_Bangladesh_travel_series,F01,1.0,".1,g",years,UBERON:feces,1015,Illumina HiSeq V4,time series for 4 travellers who went to Bangladesh on the same trip,-105.27,human,right,USA,ENVO:feces,16S rRNA,ENVO:human-associated habitat,,UBERON:feces,,CCME,n,FWD:GTGCCAGCMGCCGCGGTAA; REV:GGACTACHVGGGTWTCTAAT,Sequencing by synthesis,1015:F01,40.01,n,CCME,F01 stool,1202688000,-11.0,0.193818476984
1201910400,1015_2_03_F01_S800A,CATGTTGGAACA,GTGTGCCAGCMGCCGCGGTAA,swab,n,CCME,Knight_Bangladesh_travel_series,stool,36.0,V4,,human gut metagenome,0,UBERON:feces,F01,CCME,9606,408170,UBERON:feces,1624.1,2/25/13,2/3/12,0.0,Bangladesh_FO_16s_NoIndex_sequences,ENVO:human-associated habitat,female,illumina,"Boulder, CO",GAZ:United States of America,167.6,Knight_Bangladesh_travel_series,F01,,".1,g",years,UBERON:feces,1015,Illumina HiSeq V4,time series for 4 travellers who went to Bangladesh on the same trip,-105.27,human,right,USA,ENVO:feces,16S rRNA,ENVO:human-associated habitat,,UBERON:feces,,CCME,n,FWD:GTGCCAGCMGCCGCGGTAA; REV:GGACTACHVGGGTWTCTAAT,Sequencing by synthesis,1015:F01,40.01,n,CCME,F01 stool,1202688000,-9.0,0.0719822167837
1201996800,1015_2_04_F01_S100A,CGAGATAGTTTG,GTGTGCCAGCMGCCGCGGTAA,swab,n,CCME,Knight_Bangladesh_travel_series,stool,36.0,V4,,human gut metagenome,0,UBERON:feces,F01,CCME,9606,408170,UBERON:feces,3.26,2/25/13,2/4/12,0.0,Bangladesh_FO_16s_NoIndex_sequences,ENVO:human-associated habitat,female,illumina,Thailand,GAZ:Thailand,167.6,Knight_Bangladesh_travel_series,F01,1.0,".1,g",years,UBERON:feces,1015,Illumina HiSeq V4,time series for 4 travellers who went to Bangladesh on the same trip,100.99,human,right,USA,ENVO:feces,16S rRNA,ENVO:human-associated habitat,,UBERON:feces,,CCME,n,FWD:GTGCCAGCMGCCGCGGTAA; REV:GGACTACHVGGGTWTCTAAT,Sequencing by synthesis,1015:F01,15.87,n,CCME,F01 stool,1202688000,-8.0,0.233950718277
1202169600,1015_2_06_F01_S2115,TGCGGGATTCAT,GTGTGCCAGCMGCCGCGGTAA,swab,n,CCME,Knight_Bangladesh_travel_series,stool,36.0,V4,,human gut metagenome,0,UBERON:feces,F01,CCME,9606,408170,UBERON:feces,22.0,2/25/13,2/6/12,0.0,Bangladesh_FO_16s_NoIndex_sequences,ENVO:human-associated habitat,female,illumina,"Dhaka, Bangladesh",GAZ:Bangladesh,167.6,Knight_Bangladesh_travel_series,F01,1.0,".1,g",years,UBERON:feces,1015,Illumina HiSeq V4,time series for 4 travellers who went to Bangladesh on the same trip,90.41,human,right,USA,ENVO:feces,16S rRNA,ENVO:human-associated habitat,,UBERON:feces,,CCME,n,FWD:GTGCCAGCMGCCGCGGTAA; REV:GGACTACHVGGGTWTCTAAT,Sequencing by synthesis,1015:F01,23.71,n,CCME,F01 stool,1202688000,-6.0,0.205315775026
1202256000,1015_2_07_F01_S115A,AGCCTCATGATG,GTGTGCCAGCMGCCGCGGTAA,swab,n,CCME,Knight_Bangladesh_travel_series,stool,36.0,V4,,human gut metagenome,0,UBERON:feces,F01,CCME,9606,408170,UBERON:feces,22.0,2/25/13,2/7/12,0.0,Bangladesh_FO_16s_NoIndex_sequences,ENVO:human-associated habitat,female,illumina,"Dhaka, Bangladesh",GAZ:Bangladesh,167.6,Knight_Bangladesh_travel_series,F01,1.0,".1,g",years,UBERON:feces,1015,Illumina HiSeq V4,time series for 4 travellers who went to Bangladesh on the same trip,90.41,human,right,USA,ENVO:feces,16S rRNA,ENVO:human-associated habitat,,UBERON:feces,,CCME,n,FWD:GTGCCAGCMGCCGCGGTAA; REV:GGACTACHVGGGTWTCTAAT,Sequencing by synthesis,1015:F01,23.71,n,CCME,F01 stool,1202688000,-5.0,0.120843092784
1202342400,1015_2_08_F01_S2130,CCAGTATCGCGT,GTGTGCCAGCMGCCGCGGTAA,swab,n,CCME,Knight_Bangladesh_travel_series,stool,36.0,V4,,human gut metagenome,0,UBERON:feces,F01,CCME,9606,408170,UBERON:feces,22.0,2/25/13,2/8/12,0.0,Bangladesh_FO_16s_NoIndex_sequences,ENVO:human-associated habitat,female,illumina,"Dhaka, Bangladesh",GAZ:Bangladesh,167.6,Knight_Bangladesh_travel_series,F01,1.0,".1,g",years,UBERON:feces,1015,Illumina HiSeq V4,time series for 4 travellers who went to Bangladesh on the same trip,90.41,human,right,USA,ENVO:feces,16S rRNA,ENVO:human-associated habitat,,UBERON:feces,,CCME,n,FWD:GTGCCAGCMGCCGCGGTAA; REV:GGACTACHVGGGTWTCTAAT,Sequencing by synthesis,1015:F01,23.71,n,CCME,F01 stool,1202688000,-4.0,0.240293176047
1202428800,1015_2_09_F01_S1020P,ATGGGACCTTCA,GTGTGCCAGCMGCCGCGGTAA,swab,n,CCME,Knight_Bangladesh_travel_series,stool,36.0,V4,,human gut metagenome,0,UBERON:feces,F01,CCME,9606,408170,UBERON:feces,22.0,2/25/13,2/9/12,0.0,Bangladesh_FO_16s_NoIndex_sequences,ENVO:human-associated habitat,female,illumina,"Dhaka, Bangladesh",GAZ:Bangladesh,167.6,Knight_Bangladesh_travel_series,F01,1.0,".1,g",years,UBERON:feces,1015,Illumina HiSeq V4,time series for 4 travellers who went to Bangladesh on the same trip,90.41,human,right,USA,ENVO:feces,16S rRNA,ENVO:human-associated habitat,,UBERON:feces,,CCME,n,FWD:GTGCCAGCMGCCGCGGTAA; REV:GGACTACHVGGGTWTCTAAT,Sequencing by synthesis,1015:F01,23.71,n,CCME,F01 stool,1202688000,-3.0,0.142613371022
1202515200,1015_2_10_F01_S2100,CGCGTCAAACTA,GTGTGCCAGCMGCCGCGGTAA,swab,n,CCME,Knight_Bangladesh_travel_series,stool,36.0,V4,,human gut metagenome,0,UBERON:feces,F01,CCME,9606,408170,UBERON:feces,22.0,2/25/13,2/10/12,0.0,Bangladesh_FO_16s_NoIndex_sequences,ENVO:human-associated habitat,female,illumina,"Dhaka, Bangladesh",GAZ:Bangladesh,167.6,Knight_Bangladesh_travel_series,F01,1.0,".1,g",years,UBERON:feces,1015,Illumina HiSeq V4,time series for 4 travellers who went to Bangladesh on the same trip,90.41,human,right,USA,ENVO:feces,16S rRNA,ENVO:human-associated habitat,,UBERON:feces,,CCME,n,FWD:GTGCCAGCMGCCGCGGTAA; REV:GGACTACHVGGGTWTCTAAT,Sequencing by synthesis,1015:F01,23.71,n,CCME,F01 stool,1202688000,-2.0,0.0748795352188
1202601600,1015_2_11_F01_S700A,ACATGTCACGTG,GTGTGCCAGCMGCCGCGGTAA,swab,n,CCME,Knight_Bangladesh_travel_series,stool,36.0,V4,,human gut metagenome,0,UBERON:feces,F01,CCME,9606,408170,UBERON:feces,3.26,2/25/13,2/11/12,0.0,Bangladesh_FO_16s_NoIndex_sequences,ENVO:human-associated habitat,female,illumina,Thailand,GAZ:Thailand,167.6,Knight_Bangladesh_travel_series,F01,1.0,".1,g",years,UBERON:feces,1015,Illumina HiSeq V4,time series for 4 travellers who went to Bangladesh on the same trip,100.99,human,right,USA,ENVO:feces,16S rRNA,ENVO:human-associated habitat,,UBERON:feces,,CCME,n,FWD:GTGCCAGCMGCCGCGGTAA; REV:GGACTACHVGGGTWTCTAAT,Sequencing by synthesis,1015:F01,15.87,n,CCME,F01 stool,1202688000,-1.0,0.109283010511
1202688000,1015_2_12_F01_S2200,CAAACTGCGTTG,GTGTGCCAGCMGCCGCGGTAA,swab,n,CCME,Knight_Bangladesh_travel_series,stool,36.0,V4,,human gut metagenome,0,UBERON:feces,F01,CCME,9606,408170,UBERON:feces,24.68,2/25/13,2/12/12,0.0,Bangladesh_FO_16s_NoIndex_sequences,ENVO:human-associated habitat,female,illumina,Cambodia,GAZ:Cambodia,167.6,Knight_Bangladesh_travel_series,F01,1.0,".1,g",years,UBERON:feces,1015,Illumina HiSeq V4,time series for 4 travellers who went to Bangladesh on the same trip,104.99,human,right,USA,ENVO:feces,16S rRNA,ENVO:human-associated habitat,,UBERON:feces,,CCME,n,FWD:GTGCCAGCMGCCGCGGTAA; REV:GGACTACHVGGGTWTCTAAT,Sequencing by synthesis,1015:F01,12.57,n,CCME,F01 stool,1202688000,0.0,0.091333523204
1202860800,1015_2_14_F01_S900A,GTGTATCGCCAC,GTGTGCCAGCMGCCGCGGTAA,swab,n,CCME,Knight_Bangladesh_travel_series,stool,36.0,V4,,human gut metagenome,0,UBERON:feces,F01,CCME,9606,408170,UBERON:feces,24.68,2/25/13,2/14/12,0.0,Bangladesh_FO_16s_NoIndex_sequences,ENVO:human-associated habitat,female,illumina,Cambodia,GAZ:Cambodia,167.6,Knight_Bangladesh_travel_series,F01,1.0,".1,g",years,UBERON:feces,1015,Illumina HiSeq V4,time series for 4 travellers who went to Bangladesh on the same trip,104.99,human,right,USA,ENVO:feces,16S rRNA,ENVO:human-associated habitat,,UBERON:feces,,CCME,n,FWD:GTGCCAGCMGCCGCGGTAA; REV:GGACTACHVGGGTWTCTAAT,Sequencing by synthesis,1015:F01,12.57,n,CCME,F01 stool,1202688000,2.0,0.227397100944
1203033600,1015_2_16_F01_S2030,CGGATTGCTGTA,GTGTGCCAGCMGCCGCGGTAA,swab,n,CCME,Knight_Bangladesh_travel_series,stool,36.0,V4,,human gut metagenome,0,UBERON:feces,F01,CCME,9606,408170,UBERON:feces,24.68,2/25/13,2/16/12,0.0,Bangladesh_FO_16s_NoIndex_sequences,ENVO:human-associated habitat,female,illumina,Cambodia,GAZ:Cambodia,167.6,Knight_Bangladesh_travel_series,F01,2.0,".1,g",years,UBERON:feces,1015,Illumina HiSeq V4,time series for 4 travellers who went to Bangladesh on the same trip,104.99,human,right,USA,ENVO:feces,16S rRNA,ENVO:human-associated habitat,,UBERON:feces,,CCME,n,FWD:GTGCCAGCMGCCGCGGTAA; REV:GGACTACHVGGGTWTCTAAT,Sequencing by synthesis,1015:F01,12.57,n,CCME,F01 stool,1202688000,4.0,0.120663808893
1203120000,1015_2_17_F01_S700A,TCGTTTCTTCAG,GTGTGCCAGCMGCCGCGGTAA,swab,n,CCME,Knight_Bangladesh_travel_series,stool,36.0,V4,,human gut metagenome,0,UBERON:feces,F01,CCME,9606,408170,UBERON:feces,24.68,2/25/13,2/17/12,0.0,Bangladesh_FO_16s_NoIndex_sequences,ENVO:human-associated habitat,female,illumina,Cambodia,GAZ:Cambodia,167.6,Knight_Bangladesh_travel_series,F01,1.0,".1,g",years,UBERON:feces,1015,Illumina HiSeq V4,time series for 4 travellers who went to Bangladesh on the same trip,104.99,human,right,USA,ENVO:feces,16S rRNA,ENVO:human-associated habitat,,UBERON:feces,,CCME,n,FWD:GTGCCAGCMGCCGCGGTAA; REV:GGACTACHVGGGTWTCTAAT,Sequencing by synthesis,1015:F01,12.57,n,CCME,F01 stool,1202688000,5.0,0.173889211113
1203206400,1015_2_18_F01_S808A,GCTATTCCTCAT,GTGTGCCAGCMGCCGCGGTAA,swab,n,CCME,Knight_Bangladesh_travel_series,stool,36.0,V4,,human gut metagenome,0,UBERON:feces,F01,CCME,9606,408170,UBERON:feces,3.26,2/25/13,2/18/12,0.0,Bangladesh_FO_16s_NoIndex_sequences,ENVO:human-associated habitat,female,illumina,Thailand,GAZ:Thailand,167.6,Knight_Bangladesh_travel_series,F01,1.0,".1,g",years,UBERON:feces,1015,Illumina HiSeq V4,time series for 4 travellers who went to Bangladesh on the same trip,100.99,human,right,USA,ENVO:feces,16S rRNA,ENVO:human-associated habitat,,UBERON:feces,,CCME,n,FWD:GTGCCAGCMGCCGCGGTAA; REV:GGACTACHVGGGTWTCTAAT,Sequencing by synthesis,1015:F01,15.87,n,CCME,F01 stool,1202688000,6.0,0.100393778789
1203292800,1015_2_19_F01_S1500,TTGACACACGAC,GTGTGCCAGCMGCCGCGGTAA,swab,n,CCME,Knight_Bangladesh_travel_series,stool,36.0,V4,,human gut metagenome,0,UBERON:feces,F01,CCME,9606,408170,UBERON:feces,3.26,2/25/13,2/19/12,0.0,Bangladesh_FO_16s_NoIndex_sequences,ENVO:human-associated habitat,female,illumina,Thailand,GAZ:Thailand,167.6,Knight_Bangladesh_travel_series,F01,1.0,".1,g",years,UBERON:feces,1015,Illumina HiSeq V4,time series for 4 travellers who went to Bangladesh on the same trip,100.99,human,right,USA,ENVO:feces,16S rRNA,ENVO:human-associated habitat,,UBERON:feces,,CCME,n,FWD:GTGCCAGCMGCCGCGGTAA; REV:GGACTACHVGGGTWTCTAAT,Sequencing by synthesis,1015:F01,15.87,n,CCME,F01 stool,1202688000,7.0,0.120518384771
1203379200,1015_2_20_F01_S1830,TTAGACTCGGAA,GTGTGCCAGCMGCCGCGGTAA,swab,n,CCME,Knight_Bangladesh_travel_series,stool,36.0,V4,,human gut metagenome,0,UBERON:feces,F01,CCME,9606,408170,UBERON:feces,1624.1,2/25/13,2/20/12,0.0,Bangladesh_FO_16s_NoIndex_sequences,ENVO:human-associated habitat,female,illumina,"Boulder, CO",GAZ:United States of America,167.6,Knight_Bangladesh_travel_series,F01,1.0,".1,g",years,UBERON:feces,1015,Illumina HiSeq V4,time series for 4 travellers who went to Bangladesh on the same trip,-105.27,human,right,USA,ENVO:feces,16S rRNA,ENVO:human-associated habitat,,UBERON:feces,,CCME,n,FWD:GTGCCAGCMGCCGCGGTAA; REV:GGACTACHVGGGTWTCTAAT,Sequencing by synthesis,1015:F01,40.01,n,CCME,F01 stool,1202688000,8.0,0.297106443406
1203724800,1015_2_24_F01_S400,GGTACTGTACCA,GTGTGCCAGCMGCCGCGGTAA,swab,n,CCME,Knight_Bangladesh_travel_series,stool,36.0,V4,,human gut metagenome,0,UBERON:feces,F01,CCME,9606,408170,UBERON:feces,1624.1,2/25/13,2/24/12,0.0,Bangladesh_FO_16s_NoIndex_sequences,ENVO:human-associated habitat,female,illumina,"Boulder, CO",GAZ:United States of America,167.6,Knight_Bangladesh_travel_series,F01,1.0,".1,g",years,UBERON:feces,1015,Illumina HiSeq V4,time series for 4 travellers who went to Bangladesh on the same trip,-105.27,human,right,USA,ENVO:feces,16S rRNA,ENVO:human-associated habitat,,UBERON:feces,,CCME,n,FWD:GTGCCAGCMGCCGCGGTAA; REV:GGACTACHVGGGTWTCTAAT,Sequencing by synthesis,1015:F01,40.01,n,CCME,F01 stool,1202688000,12.0,0.479671986493
1203811200,1015_2_25_F01_S2000,AGTACCTAAGTG,GTGTGCCAGCMGCCGCGGTAA,swab,n,CCME,Knight_Bangladesh_travel_series,stool,36.0,V4,,human gut metagenome,0,UBERON:feces,F01,CCME,9606,408170,UBERON:feces,1624.1,2/25/13,2/25/12,0.0,Bangladesh_FO_16s_NoIndex_sequences,ENVO:human-associated habitat,female,illumina,"Boulder, CO",GAZ:United States of America,167.6,Knight_Bangladesh_travel_series,F01,1.0,".1,g",years,UBERON:feces,1015,Illumina HiSeq V4,time series for 4 travellers who went to Bangladesh on the same trip,-105.27,human,right,USA,ENVO:feces,16S rRNA,ENVO:human-associated habitat,,UBERON:feces,,CCME,n,FWD:GTGCCAGCMGCCGCGGTAA; REV:GGACTACHVGGGTWTCTAAT,Sequencing by synthesis,1015:F01,40.01,n,CCME,F01 stool,1202688000,13.0,0.48427340995
1203984000,1015_2_27_F01_S800,GTCTCTGAAAGA,GTGTGCCAGCMGCCGCGGTAA,swab,n,CCME,Knight_Bangladesh_travel_series,stool,36.0,V4,,human gut metagenome,0,UBERON:feces,F01,CCME,9606,408170,UBERON:feces,1624.1,2/25/13,2/27/12,0.0,Bangladesh_FO_16s_NoIndex_sequences,ENVO:human-associated habitat,female,illumina,"Boulder, CO",GAZ:United States of America,167.6,Knight_Bangladesh_travel_series,F01,1.0,".1,g",years,UBERON:feces,1015,Illumina HiSeq V4,time series for 4 travellers who went to Bangladesh on the same trip,-105.27,human,right,USA,ENVO:feces,16S rRNA,ENVO:human-associated habitat,,UBERON:feces,,CCME,n,FWD:GTGCCAGCMGCCGCGGTAA; REV:GGACTACHVGGGTWTCTAAT,Sequencing by synthesis,1015:F01,40.01,n,CCME,F01 stool,1202688000,15.0,0.108693275908
1204156800,1015_2_29_F01_S1030,ATAAGGTCGCCT,GTGTGCCAGCMGCCGCGGTAA,swab,n,CCME,Knight_Bangladesh_travel_series,stool,36.0,V4,,human gut metagenome,0,UBERON:feces,F01,CCME,9606,408170,UBERON:feces,1624.1,2/25/13,2/29/12,0.0,Bangladesh_FO_16s_NoIndex_sequences,ENVO:human-associated habitat,female,illumina,"Boulder, CO",GAZ:United States of America,167.6,Knight_Bangladesh_travel_series,F01,1.0,".1,g",years,UBERON:feces,1015,Illumina HiSeq V4,time series for 4 travellers who went to Bangladesh on the same trip,-105.27,human,right,USA,ENVO:feces,16S rRNA,ENVO:human-associated habitat,,UBERON:feces,,CCME,n,FWD:GTGCCAGCMGCCGCGGTAA; REV:GGACTACHVGGGTWTCTAAT,Sequencing by synthesis,1015:F01,40.01,n,CCME,F01 stool,1202688000,17.0,0.157388614766
1204329600,1015_3_02_F01_S800,CTGGTCTTACGG,GTGTGCCAGCMGCCGCGGTAA,swab,n,CCME,Knight_Bangladesh_travel_series,stool,36.0,V4,,human gut metagenome,0,UBERON:feces,F01,CCME,9606,408170,UBERON:feces,1624.1,2/25/13,3/2/12,0.0,Bangladesh_FO_16s_NoIndex_sequences,ENVO:human-associated habitat,female,illumina,"Boulder, CO",GAZ:United States of America,167.6,Knight_Bangladesh_travel_series,F01,1.0,".1,g",years,UBERON:feces,1015,Illumina HiSeq V4,time series for 4 travellers who went to Bangladesh on the same trip,-105.27,human,right,USA,ENVO:feces,16S rRNA,ENVO:human-associated habitat,,UBERON:feces,,CCME,n,FWD:GTGCCAGCMGCCGCGGTAA; REV:GGACTACHVGGGTWTCTAAT,Sequencing by synthesis,1015:F01,40.01,n,CCME,F01 stool,1202688000,19.0,0.168725489612
1204502400,1015_3_04_F01_S700,GACCGATAGGGA,GTGTGCCAGCMGCCGCGGTAA,swab,n,CCME,Knight_Bangladesh_travel_series,stool,36.0,V4,,human gut metagenome,0,UBERON:feces,F01,CCME,9606,408170,UBERON:feces,1624.1,2/25/13,3/4/12,0.0,Bangladesh_FO_16s_NoIndex_sequences,ENVO:human-associated habitat,female,illumina,"Boulder, CO",GAZ:United States of America,167.6,Knight_Bangladesh_travel_series,F01,1.0,".1,g",years,UBERON:feces,1015,Illumina HiSeq V4,time series for 4 travellers who went to Bangladesh on the same trip,-105.27,human,right,USA,ENVO:feces,16S rRNA,ENVO:human-associated habitat,,UBERON:feces,,CCME,n,FWD:GTGCCAGCMGCCGCGGTAA; REV:GGACTACHVGGGTWTCTAAT,Sequencing by synthesis,1015:F01,40.01,n,CCME,F01 stool,1202688000,21.0,0.335693215245
1204675200,1015_3_06_F01_S800,GGTCTAGGTCTA,GTGTGCCAGCMGCCGCGGTAA,swab,n,CCME,Knight_Bangladesh_travel_series,stool,36.0,V4,,human gut metagenome,0,UBERON:feces,F01,CCME,9606,408170,UBERON:feces,1624.1,2/25/13,3/6/12,0.0,Bangladesh_FO_16s_NoIndex_sequences,ENVO:human-associated habitat,female,illumina,"Boulder, CO",GAZ:United States of America,167.6,Knight_Bangladesh_travel_series,F01,1.0,".1,g",years,UBERON:feces,1015,Illumina HiSeq V4,time series for 4 travellers who went to Bangladesh on the same trip,-105.27,human,right,USA,ENVO:feces,16S rRNA,ENVO:human-associated habitat,,UBERON:feces,,CCME,n,FWD:GTGCCAGCMGCCGCGGTAA; REV:GGACTACHVGGGTWTCTAAT,Sequencing by synthesis,1015:F01,40.01,n,CCME,F01 stool,1202688000,23.0,0.252738744312
1204848000,1015_3_08_F01_S745,ATCGAATCGAGT,GTGTGCCAGCMGCCGCGGTAA,swab,n,CCME,Knight_Bangladesh_travel_series,stool,36.0,V4,,human gut metagenome,0,UBERON:feces,F01,CCME,9606,408170,UBERON:feces,1624.1,2/25/13,3/8/12,0.0,Bangladesh_FO_16s_NoIndex_sequences,ENVO:human-associated habitat,female,illumina,"Boulder, CO",GAZ:United States of America,167.6,Knight_Bangladesh_travel_series,F01,1.0,".1,g",years,UBERON:feces,1015,Illumina HiSeq V4,time series for 4 travellers who went to Bangladesh on the same trip,-105.27,human,right,USA,ENVO:feces,16S rRNA,ENVO:human-associated habitat,,UBERON:feces,,CCME,n,FWD:GTGCCAGCMGCCGCGGTAA; REV:GGACTACHVGGGTWTCTAAT,Sequencing by synthesis,1015:F01,40.01,n,CCME,F01 stool,1202688000,25.0,0.231760444635
1204934400,1015_3_09_F01_S945,GGATGCAGGATG,GTGTGCCAGCMGCCGCGGTAA,swab,n,CCME,Knight_Bangladesh_travel_series,stool,36.0,V4,,human gut metagenome,0,UBERON:feces,F01,CCME,9606,408170,UBERON:feces,1624.1,2/25/13,3/9/12,0.0,Bangladesh_FO_16s_NoIndex_sequences,ENVO:human-associated habitat,female,illumina,"Boulder, CO",GAZ:United States of America,167.6,Knight_Bangladesh_travel_series,F01,1.0,".1,g",years,UBERON:feces,1015,Illumina HiSeq V4,time series for 4 travellers who went to Bangladesh on the same trip,-105.27,human,right,USA,ENVO:feces,16S rRNA,ENVO:human-associated habitat,,UBERON:feces,,CCME,n,FWD:GTGCCAGCMGCCGCGGTAA; REV:GGACTACHVGGGTWTCTAAT,Sequencing by synthesis,1015:F01,40.01,n,CCME,F01 stool,1202688000,26.0,0.156937734209
1205020800,1015_3_10_F01_S800,GTTCTGCTTGTT,GTGTGCCAGCMGCCGCGGTAA,swab,n,CCME,Knight_Bangladesh_travel_series,stool,36.0,V4,,human gut metagenome,0,UBERON:feces,F01,CCME,9606,408170,UBERON:feces,1624.1,2/25/13,3/10/12,0.0,Bangladesh_FO_16s_NoIndex_sequences,ENVO:human-associated habitat,female,illumina,"Boulder, CO",GAZ:United States of America,167.6,Knight_Bangladesh_travel_series,F01,1.0,".1,g",years,UBERON:feces,1015,Illumina HiSeq V4,time series for 4 travellers who went to Bangladesh on the same trip,-105.27,human,right,USA,ENVO:feces,16S rRNA,ENVO:human-associated habitat,,UBERON:feces,,CCME,n,FWD:GTGCCAGCMGCCGCGGTAA; REV:GGACTACHVGGGTWTCTAAT,Sequencing by synthesis,1015:F01,40.01,n,CCME,F01 stool,1202688000,27.0,0.193371315536
1205107200,1015_3_11_F01_S800,TTGCCCTTTGAT,GTGTGCCAGCMGCCGCGGTAA,swab,n,CCME,Knight_Bangladesh_travel_series,stool,36.0,V4,,human gut metagenome,0,UBERON:feces,F01,CCME,9606,408170,UBERON:feces,1624.1,2/25/13,3/11/12,0.0,Bangladesh_FO_16s_NoIndex_sequences,ENVO:human-associated habitat,female,illumina,"Boulder, CO",GAZ:United States of America,167.6,Knight_Bangladesh_travel_series,F01,1.0,".1,g",years,UBERON:feces,1015,Illumina HiSeq V4,time series for 4 travellers who went to Bangladesh on the same trip,-105.27,human,right,USA,ENVO:feces,16S rRNA,ENVO:human-associated habitat,,UBERON:feces,,CCME,n,FWD:GTGCCAGCMGCCGCGGTAA; REV:GGACTACHVGGGTWTCTAAT,Sequencing by synthesis,1015:F01,40.01,n,CCME,F01 stool,1202688000,28.0,0.13393733106
1205193600,1015_3_12_F01_S730,CAAGTCGAATAC,GTGTGCCAGCMGCCGCGGTAA,swab,n,CCME,Knight_Bangladesh_travel_series,stool,36.0,V4,,human gut metagenome,0,UBERON:feces,F01,CCME,9606,408170,UBERON:feces,1624.1,2/25/13,3/12/12,0.0,Bangladesh_FO_16s_NoIndex_sequences,ENVO:human-associated habitat,female,illumina,"Boulder, CO",GAZ:United States of America,167.6,Knight_Bangladesh_travel_series,F01,1.0,".1,g",years,UBERON:feces,1015,Illumina HiSeq V4,time series for 4 travellers who went to Bangladesh on the same trip,-105.27,human,right,USA,ENVO:feces,16S rRNA,ENVO:human-associated habitat,,UBERON:feces,,CCME,n,FWD:GTGCCAGCMGCCGCGGTAA; REV:GGACTACHVGGGTWTCTAAT,Sequencing by synthesis,1015:F01,40.01,n,CCME,F01 stool,1202688000,29.0,0.110053270851
1205280000,1015_3_13_F01_S800,GGCGAACTGAAG,GTGTGCCAGCMGCCGCGGTAA,swab,n,CCME,Knight_Bangladesh_travel_series,stool,36.0,V4,,human gut metagenome,0,UBERON:feces,F01,CCME,9606,408170,UBERON:feces,1624.1,2/25/13,3/13/12,0.0,Bangladesh_FO_16s_NoIndex_sequences,ENVO:human-associated habitat,female,illumina,"Boulder, CO",GAZ:United States of America,167.6,Knight_Bangladesh_travel_series,F01,1.0,".1,g",years,UBERON:feces,1015,Illumina HiSeq V4,time series for 4 travellers who went to Bangladesh on the same trip,-105.27,human,right,USA,ENVO:feces,16S rRNA,ENVO:human-associated habitat,,UBERON:feces,,CCME,n,FWD:GTGCCAGCMGCCGCGGTAA; REV:GGACTACHVGGGTWTCTAAT,Sequencing by synthesis,1015:F01,40.01,n,CCME,F01 stool,1202688000,30.0,0.0966415910828
1205366400,1015_3_14_F01_S800,TGAATCGAAGCT,GTGTGCCAGCMGCCGCGGTAA,swab,n,CCME,Knight_Bangladesh_travel_series,stool,36.0,V4,,human gut metagenome,0,UBERON:feces,F01,CCME,9606,408170,UBERON:feces,1624.1,2/25/13,3/14/12,0.0,Bangladesh_FO_16s_NoIndex_sequences,ENVO:human-associated habitat,female,illumina,"Boulder, CO",GAZ:United States of America,167.6,Knight_Bangladesh_travel_series,F01,1.0,".1,g",years,UBERON:feces,1015,Illumina HiSeq V4,time series for 4 travellers who went to Bangladesh on the same trip,-105.27,human,right,USA,ENVO:feces,16S rRNA,ENVO:human-associated habitat,,UBERON:feces,,CCME,n,FWD:GTGCCAGCMGCCGCGGTAA; REV:GGACTACHVGGGTWTCTAAT,Sequencing by synthesis,1015:F01,40.01,n,CCME,F01 stool,1202688000,31.0,0.121418618419
1205452800,1015_3_15_F01_S815,TCAGGACGTATC,GTGTGCCAGCMGCCGCGGTAA,swab,n,CCME,Knight_Bangladesh_travel_series,stool,36.0,V4,,human gut metagenome,0,UBERON:feces,F01,CCME,9606,408170,UBERON:feces,1624.1,2/25/13,3/15/12,0.0,Bangladesh_FO_16s_NoIndex_sequences,ENVO:human-associated habitat,female,illumina,"Boulder, CO",GAZ:United States of America,167.6,Knight_Bangladesh_travel_series,F01,1.0,".1,g",years,UBERON:feces,1015,Illumina HiSeq V4,time series for 4 travellers who went to Bangladesh on the same trip,-105.27,human,right,USA,ENVO:feces,16S rRNA,ENVO:human-associated habitat,,UBERON:feces,,CCME,n,FWD:GTGCCAGCMGCCGCGGTAA; REV:GGACTACHVGGGTWTCTAAT,Sequencing by synthesis,1015:F01,40.01,n,CCME,F01 stool,1202688000,32.0,0.0832785751918
1205539200,1015_3_16_F01_S730,CCACTTGAGAGT,GTGTGCCAGCMGCCGCGGTAA,swab,n,CCME,Knight_Bangladesh_travel_series,stool,36.0,V4,,human gut metagenome,0,UBERON:feces,F01,CCME,9606,408170,UBERON:feces,1624.1,2/25/13,3/16/12,0.0,Bangladesh_FO_16s_NoIndex_sequences,ENVO:human-associated habitat,female,illumina,"Boulder, CO",GAZ:United States of America,167.6,Knight_Bangladesh_travel_series,F01,1.0,".1,g",years,UBERON:feces,1015,Illumina HiSeq V4,time series for 4 travellers who went to Bangladesh on the same trip,-105.27,human,right,USA,ENVO:feces,16S rRNA,ENVO:human-associated habitat,,UBERON:feces,,CCME,n,FWD:GTGCCAGCMGCCGCGGTAA; REV:GGACTACHVGGGTWTCTAAT,Sequencing by synthesis,1015:F01,40.01,n,CCME,F01 stool,1202688000,33.0,0.143376203385
1205625600,1015_3_17_F01_S915,CTAGCAGTATGA,GTGTGCCAGCMGCCGCGGTAA,swab,n,CCME,Knight_Bangladesh_travel_series,stool,36.0,V4,,human gut metagenome,0,UBERON:feces,F01,CCME,9606,408170,UBERON:feces,1624.1,2/25/13,3/17/12,0.0,Bangladesh_FO_16s_NoIndex_sequences,ENVO:human-associated habitat,female,illumina,"Boulder, CO",GAZ:United States of America,167.6,Knight_Bangladesh_travel_series,F01,1.0,".1,g",years,UBERON:feces,1015,Illumina HiSeq V4,time series for 4 travellers who went to Bangladesh on the same trip,-105.27,human,right,USA,ENVO:feces,16S rRNA,ENVO:human-associated habitat,,UBERON:feces,,CCME,n,FWD:GTGCCAGCMGCCGCGGTAA; REV:GGACTACHVGGGTWTCTAAT,Sequencing by synthesis,1015:F01,40.01,n,CCME,F01 stool,1202688000,34.0,0.152196076799
1205712000,1015_3_18_F01_S1500,GTCAAGACCTCA,GTGTGCCAGCMGCCGCGGTAA,swab,n,CCME,Knight_Bangladesh_travel_series,stool,36.0,V4,,human gut metagenome,0,UBERON:feces,F01,CCME,9606,408170,UBERON:feces,1624.1,2/25/13,3/18/12,0.0,Bangladesh_FO_16s_NoIndex_sequences,ENVO:human-associated habitat,female,illumina,"Boulder, CO",GAZ:United States of America,167.6,Knight_Bangladesh_travel_series,F01,2.0,".1,g",years,UBERON:feces,1015,Illumina HiSeq V4,time series for 4 travellers who went to Bangladesh on the same trip,-105.27,human,right,USA,ENVO:feces,16S rRNA,ENVO:human-associated habitat,,UBERON:feces,,CCME,n,FWD:GTGCCAGCMGCCGCGGTAA; REV:GGACTACHVGGGTWTCTAAT,Sequencing by synthesis,1015:F01,40.01,n,CCME,F01 stool,1202688000,35.0,0.0701580843623
1205798400,1015_3_19_F01_S800,CCTGGAATTAAG,GTGTGCCAGCMGCCGCGGTAA,swab,n,CCME,Knight_Bangladesh_travel_series,stool,36.0,V4,,human gut metagenome,0,UBERON:feces,F01,CCME,9606,408170,UBERON:feces,1624.1,2/25/13,3/19/12,0.0,Bangladesh_FO_16s_NoIndex_sequences,ENVO:human-associated habitat,female,illumina,"Boulder, CO",GAZ:United States of America,167.6,Knight_Bangladesh_travel_series,F01,1.0,".1,g",years,UBERON:feces,1015,Illumina HiSeq V4,time series for 4 travellers who went to Bangladesh on the same trip,-105.27,human,right,USA,ENVO:feces,16S rRNA,ENVO:human-associated habitat,,UBERON:feces,,CCME,n,FWD:GTGCCAGCMGCCGCGGTAA; REV:GGACTACHVGGGTWTCTAAT,Sequencing by synthesis,1015:F01,40.01,n,CCME,F01 stool,1202688000,36.0,0.0422723755408
1205884800,1015_3_20_F01_S700,GCAAGTGTGAGG,GTGTGCCAGCMGCCGCGGTAA,swab,n,CCME,Knight_Bangladesh_travel_series,stool,36.0,V4,,human gut metagenome,0,UBERON:feces,F01,CCME,9606,408170,UBERON:feces,1624.1,2/25/13,3/20/12,0.0,Bangladesh_FO_16s_NoIndex_sequences,ENVO:human-associated habitat,female,illumina,"Boulder, CO",GAZ:United States of America,167.6,Knight_Bangladesh_travel_series,F01,1.0,".1,g",years,UBERON:feces,1015,Illumina HiSeq V4,time series for 4 travellers who went to Bangladesh on the same trip,-105.27,human,right,USA,ENVO:feces,16S rRNA,ENVO:human-associated habitat,,UBERON:feces,,CCME,n,FWD:GTGCCAGCMGCCGCGGTAA; REV:GGACTACHVGGGTWTCTAAT,Sequencing by synthesis,1015:F01,40.01,n,CCME,F01 stool,1202688000,37.0,0.0983767860017
1205971200,1015_3_21_F01_S800,CGGCACTATCAC,GTGTGCCAGCMGCCGCGGTAA,swab,n,CCME,Knight_Bangladesh_travel_series,stool,36.0,V4,,human gut metagenome,0,UBERON:feces,F01,CCME,9606,408170,UBERON:feces,1624.1,2/25/13,3/21/12,0.0,Bangladesh_FO_16s_NoIndex_sequences,ENVO:human-associated habitat,female,illumina,"Boulder, CO",GAZ:United States of America,167.6,Knight_Bangladesh_travel_series,F01,1.0,".1,g",years,UBERON:feces,1015,Illumina HiSeq V4,time series for 4 travellers who went to Bangladesh on the same trip,-105.27,human,right,USA,ENVO:feces,16S rRNA,ENVO:human-associated habitat,,UBERON:feces,,CCME,n,FWD:GTGCCAGCMGCCGCGGTAA; REV:GGACTACHVGGGTWTCTAAT,Sequencing by synthesis,1015:F01,40.01,n,CCME,F01 stool,1202688000,38.0,0.076196273253
1206057600,1015_3_22_F01_S715,CTGCAGTAAGTA,GTGTGCCAGCMGCCGCGGTAA,swab,n,CCME,Knight_Bangladesh_travel_series,stool,36.0,V4,,human gut metagenome,0,UBERON:feces,F01,CCME,9606,408170,UBERON:feces,1624.1,2/25/13,3/22/12,0.0,Bangladesh_FO_16s_NoIndex_sequences,ENVO:human-associated habitat,female,illumina,"Boulder, CO",GAZ:United States of America,167.6,Knight_Bangladesh_travel_series,F01,1.0,".1,g",years,UBERON:feces,1015,Illumina HiSeq V4,time series for 4 travellers who went to Bangladesh on the same trip,-105.27,human,right,USA,ENVO:feces,16S rRNA,ENVO:human-associated habitat,,UBERON:feces,,CCME,n,FWD:GTGCCAGCMGCCGCGGTAA; REV:GGACTACHVGGGTWTCTAAT,Sequencing by synthesis,1015:F01,40.01,n,CCME,F01 stool,1202688000,39.0,0.042239330864
1206144000,1015_3_23_F01_S715,GAAAGGTGAGAA,GTGTGCCAGCMGCCGCGGTAA,swab,n,CCME,Knight_Bangladesh_travel_series,stool,36.0,V4,,human gut metagenome,0,UBERON:feces,F01,CCME,9606,408170,UBERON:feces,1624.1,2/25/13,3/23/12,0.0,Bangladesh_FO_16s_NoIndex_sequences,ENVO:human-associated habitat,female,illumina,"Boulder, CO",GAZ:United States of America,167.6,Knight_Bangladesh_travel_series,F01,1.0,".1,g",years,UBERON:feces,1015,Illumina HiSeq V4,time series for 4 travellers who went to Bangladesh on the same trip,-105.27,human,right,USA,ENVO:feces,16S rRNA,ENVO:human-associated habitat,,UBERON:feces,,CCME,n,FWD:GTGCCAGCMGCCGCGGTAA; REV:GGACTACHVGGGTWTCTAAT,Sequencing by synthesis,1015:F01,40.01,n,CCME,F01 stool,1202688000,40.0,0.0665292054324
1206489600,1015_3_27_F01_S730,GTTAATGGCAGT,GTGTGCCAGCMGCCGCGGTAA,swab,n,CCME,Knight_Bangladesh_travel_series,stool,36.0,V4,,human gut metagenome,0,UBERON:feces,F01,CCME,9606,408170,UBERON:feces,1624.1,2/25/13,3/27/12,0.0,Bangladesh_FO_16s_NoIndex_sequences,ENVO:human-associated habitat,female,illumina,"Boulder, CO",GAZ:United States of America,167.6,Knight_Bangladesh_travel_series,F01,1.0,".1,g",years,UBERON:feces,1015,Illumina HiSeq V4,time series for 4 travellers who went to Bangladesh on the same trip,-105.27,human,right,USA,ENVO:feces,16S rRNA,ENVO:human-associated habitat,,UBERON:feces,,CCME,n,FWD:GTGCCAGCMGCCGCGGTAA; REV:GGACTACHVGGGTWTCTAAT,Sequencing by synthesis,1015:F01,40.01,n,CCME,F01 stool,1202688000,44.0,0.230591103331
1206748800,1015_3_30_F01_S900,GCACTTCATTTC,GTGTGCCAGCMGCCGCGGTAA,swab,n,CCME,Knight_Bangladesh_travel_series,stool,36.0,V4,,human gut metagenome,0,UBERON:feces,F01,CCME,9606,408170,UBERON:feces,1624.1,2/25/13,3/30/12,0.0,Bangladesh_FO_16s_NoIndex_sequences,ENVO:human-associated habitat,female,illumina,"Boulder, CO",GAZ:United States of America,167.6,Knight_Bangladesh_travel_series,F01,1.0,".1,g",years,UBERON:feces,1015,Illumina HiSeq V4,time series for 4 travellers who went to Bangladesh on the same trip,-105.27,human,right,USA,ENVO:feces,16S rRNA,ENVO:human-associated habitat,,UBERON:feces,,CCME,n,FWD:GTGCCAGCMGCCGCGGTAA; REV:GGACTACHVGGGTWTCTAAT,Sequencing by synthesis,1015:F01,40.01,n,CCME,F01 stool,1202688000,47.0,0.231140990526
1206835200,1015_3_31_F01_S1200,TTGTTACGTTCC,GTGTGCCAGCMGCCGCGGTAA,swab,n,CCME,Knight_Bangladesh_travel_series,stool,36.0,V4,,human gut metagenome,0,UBERON:feces,F01,CCME,9606,408170,UBERON:feces,1624.1,2/25/13,3/31/12,0.0,Bangladesh_FO_16s_NoIndex_sequences,ENVO:human-associated habitat,female,illumina,"Boulder, CO",GAZ:United States of America,167.6,Knight_Bangladesh_travel_series,F01,1.0,".1,g",years,UBERON:feces,1015,Illumina HiSeq V4,time series for 4 travellers who went to Bangladesh on the same trip,-105.27,human,right,USA,ENVO:feces,16S rRNA,ENVO:human-associated habitat,,UBERON:feces,,CCME,n,FWD:GTGCCAGCMGCCGCGGTAA; REV:GGACTACHVGGGTWTCTAAT,Sequencing by synthesis,1015:F01,40.01,n,CCME,F01 stool,1202688000,48.0,0.0463473318952
1206921600,1015_4_01_F01_S1100,TGAGACCCTACA,GTGTGCCAGCMGCCGCGGTAA,swab,n,CCME,Knight_Bangladesh_travel_series,stool,36.0,V4,,human gut metagenome,0,UBERON:feces,F01,CCME,9606,408170,UBERON:feces,1624.1,2/25/13,4/1/12,0.0,Bangladesh_FO_16s_NoIndex_sequences,ENVO:human-associated habitat,female,illumina,"Boulder, CO",GAZ:United States of America,167.6,Knight_Bangladesh_travel_series,F01,4.0,".1,g",years,UBERON:feces,1015,Illumina HiSeq V4,time series for 4 travellers who went to Bangladesh on the same trip,-105.27,human,right,USA,ENVO:feces,16S rRNA,ENVO:human-associated habitat,,UBERON:feces,,CCME,n,FWD:GTGCCAGCMGCCGCGGTAA; REV:GGACTACHVGGGTWTCTAAT,Sequencing by synthesis,1015:F01,40.01,n,CCME,F01 stool,1202688000,49.0,0.203160563647
1207094400,1015_4_03_F01_S800,CTCGGTCAACCA,GTGTGCCAGCMGCCGCGGTAA,swab,n,CCME,Knight_Bangladesh_travel_series,stool,36.0,V4,,human gut metagenome,0,UBERON:feces,F01,CCME,9606,408170,UBERON:feces,1624.1,2/25/13,4/3/12,0.0,Bangladesh_FO_16s_NoIndex_sequences,ENVO:human-associated habitat,female,illumina,"Boulder, CO",GAZ:United States of America,167.6,Knight_Bangladesh_travel_series,F01,1.0,".1,g",years,UBERON:feces,1015,Illumina HiSeq V4,time series for 4 travellers who went to Bangladesh on the same trip,-105.27,human,right,USA,ENVO:feces,16S rRNA,ENVO:human-associated habitat,,UBERON:feces,,CCME,n,FWD:GTGCCAGCMGCCGCGGTAA; REV:GGACTACHVGGGTWTCTAAT,Sequencing by synthesis,1015:F01,40.01,n,CCME,F01 stool,1202688000,51.0,
